{
    "1800contacts.com": "https://www.1800contacts.com/account/settings",
    "500px.com": "https://web.500px.com/settings/account/security",
    "aa.com": "https://www.aa.com/loyalty/profile/information",
    "acorns.com": "https://app.acorns.com/settings/change-password",
    "adobe.com": "https://account.adobe.com/security",
    "aesop.com": "https://www.aesop.com/my-account",
    "airbnb.com": "https://www.airbnb.com/account-settings/login-and-security",
    "alliantcreditunion.com": "https://www.alliantcreditunion.com/OnlineBanking/Settings/AccessAndSecurity/ChangePassword.aspx",
    "alternate.de": "https://www.alternate.de/html/myAccount/account/basicData.html",
    "amctheatres.com": "https://www.amctheatres.com/amcstubs/account",
    "arlt.com": "https://www.arlt.com/mein-passwort/",
    "arxiv.org": "https://arxiv.org/user/change_own_password",
    "atlassian.com": "https://id.atlassian.com/manage-profile/security",
    "autodesk.com": "https://accounts.autodesk.com/Profile/Security",
    "bbq-grill-world.de": "https://www.bbq-grill-world.de/customer/account/edit/changepass/1/",
    "berlet.de": "https://www.berlet.de/mein-konto.htm#my-account--edit-pass",
    "birkenstock.com": "https://www.birkenstock.com/profile",
    "blockchain.com": "https://login.blockchain.com/en/#/security-center/advanced",
    "blutdruck-shop.de": "https://www.blutdruck-shop.de/mein-passwort/",
    "browserstack.com": "https://www.browserstack.com/accounts/profile",
    "callofduty.com": "https://profile.callofduty.com/cod/info",
    "carta.com": "https://app.carta.com/profiles/update/",
    "cecredentialtrust.com": "https://secure.cecredentialtrust.com/account/editpassword/",
    "censys.io": "https://censys.io/account",
    "chewy.com": "https://www.chewy.com/app/account/profile",
    "cloudflare.com": "https://dash.cloudflare.com/profile/authentication",
    "codepen.io": "https://codepen.io/settings/account",
    "consumidor.gov.br": "https://www.consumidor.gov.br/pages/usuario/editar",
    "crunchyroll.com": "https://www.crunchyroll.com/acct",
    "darty.com": "https://www.darty.com/espace_client/donnees-personnelles/mot-de-passe/edition",
    "delta.com": "https://www.delta.com/profile/basicInfo.action#editPassword",
    "digitalocean.com": "https://cloud.digitalocean.com/settings/security",
    "disneyplus.com": "https://www.disneyplus.com/account/change-password",
    "dittomusic.com": "https://dashboard.dittomusic.com/account/password",
    "dropbox.com": "https://www.dropbox.com/account/security",
    "dwr.com": "https://www.dwr.com/profile",
    "ea.com": "https://myaccount.ea.com/cp-ui/security/index",
    "fnac.com": "https://secure.fnac.com/account/update-password",
    "geocaching.com": "https://www.geocaching.com/account/settings/changepassword",
    "getflywheel.com": "https://app.getflywheel.com/profile/security/change_password",
    "gmx.net": "https://account.gmx.net/ciss/security/edit/passwordChange",
    "gog.com": "https://www.gog.com/account/settings/security",
    "gov.br": "https://acesso.gov.br/area-cidadao/#/alterarSenha",
    "grubhub.com": "https://www.grubhub.com/account/profile",
    "heroku.com": "https://dashboard.heroku.com/account",
    "impots.gouv.fr": "https://cfspart.impots.gouv.fr/monprofil-webapp/GererMonProfil",
    "key.harvard.edu": "https://key.harvard.edu/manage-account/change-password",
    "leetcode.com": "https://leetcode.com/accounts/password/set/",
    "lemonde.fr": "https://moncompte.lemonde.fr/gcustomer/account/password",
    "linkedin.com": "https://www.linkedin.com/psettings/change-password",
    "linode.com": "https://cloud.linode.com/profile/auth",
    "marktplaats.nl": "https://www.marktplaats.nl/account/password-reset/confirm.html",
    "mathworks.com": "https://mathworks.com/mwaccount/profiles/password/change",
    "messagebird.com": "https://dashboard.messagebird.com/account/security",
    "microsoft.com": "https://account.live.com/password/Change",
    "myaccount.ea.com": "https://myaccount.ea.com/cp-ui/security/index",
    "netflix.com": "https://www.netflix.com/password",
    "news.ycombinator.com": "https://news.ycombinator.com/changepw",
    "nintendo.com": "https://accounts.nintendo.com/password/edit",
    "nytimes.com": "https://myaccount.nytimes.com/seg/profile",
    "orcid.org": "https://orcid.org/account",
    "overleaf.com": "https://www.overleaf.com/user/settings",
    "patreon.com": "https://www.patreon.com/settings/profile",
    "paypal.com": "https://www.paypal.com/myaccount/security/password/change",
    "pilotflyingj.com": "https://portal.pilotflyingj.com/myrewards/forgot-password",
    "playstation.com": "https://id.sonyentertainmentnetwork.com/id/management/#/p/security",
    "plex.tv": "https://app.plex.tv/desktop#!/account",
    "prolific.co": "https://app.prolific.co/account/general",
    "protonmail.com": "https://mail.protonmail.com/account",
    "prowlapp.com": "https://www.prowlapp.com/settings.php",
    "reddit.com": "https://www.reddit.com/prefs/update/",
    "reelgood.com": "https://reelgood.com/account",
    "saturn.de": "https://www.saturn.de/webapp/wcs/stores/servlet/MultiChannelMAChangePassword",
    "shodan.io": "https://account.shodan.io/change_password",
    "shoop.de": "https://www.shoop.de/einstellungen/benutzerdaten",
    "sipgatebasic.de": "https://app.sipgatebasic.de/settings",
    "sonos.com": "https://www.sonos.com/myaccount/user/profile/",
    "stacksocial.com": "https://stacksocial.com/user?show=account-tab",
    "steampowered.com": "https://help.steampowered.com/wizard/HelpChangePassword?redir=store/account/",
    "stonly.com": "https://app.stonly.com/app/general/userSettings/Account",
    "teamviewer.com": "https://login.teamviewer.com/nav/profile/change-password",
    "thenounproject.com": "https://thenounproject.com/accounts/password/change/",
    "thetrainline.com": "https://www.thetrainline.com/my-account/change-password",
    "thetvdb.com": "https://www.thetvdb.com/dashboard/account/changepass",
    "ticketmaster.com": "https://my.ticketmaster.com/settings",
    "trakt.tv": "https://trakt.tv/settings#password",
    "tripit.com": "https://tripit.com/account/edit/section/change_password",
    "twilio.com": "https://www.twilio.com/console/user/settings",
    "twitch.tv": "https://www.twitch.tv/settings/security",
    "udacity.com": "https://classroom.udacity.com/settings/password",
    "udel.edu": "https://udapps.nss.udel.edu/myUDsettings/password",
    "umsystem.edu": "https://password.umsystem.edu/reset/",
    "usaa.com": "https://www.usaa.com/inet/ent_auth_password/pages/ChangePasswordPage",
    "virginmobile.ca": "https://myaccount.virginmobile.ca/MyProfile/Details/EditProfile?editField=PASSWORD",
    "xfinity.com": "https://customer.xfinity.com/users/me/update-password",
    "yahoo.com": "https://login.yahoo.com/account/change-password",
    "zhihu.com": "https://www.zhihu.com/settings/account",
    "zocdoc.com": "https://www.zocdoc.com/patient/editprofile?section=Password",
    "zoom.us": "https://zoom.us/profile#pwd-form"
}
