{
    "163.com": {
        "password-rules": "minlength: 6; maxlength: 16;"
    },
    "1800flowers.com": {
        "password-rules": "minlength: 6; required: lower, upper; required: digit;"
    },
    "aetna.com": {
        "password-rules": "minlength: 8; maxlength: 20; required: upper; required: digit; max-consecutive: 2; allowed: lower, [-_&#@];"
    },
    "airasia.com": {
        "password-rules": "minlength: 8; maxlength: 15; required: lower; required: upper; required: digit;"
    },
    "aliexpress.com": {
        "password-rules": "minlength: 6; maxlength: 20;"
    },
    "alliantcreditunion.com": {
        "password-rules": "minlength: 8; maxlength: 20; required: lower, upper; required: digit; allowed: [!#$*]; max-consecutive: 3;"
    },
    "americanexpress.com": {
        "password-rules": "minlength: 8; maxlength: 20;"
    },
    "ancestry.com": {
        "password-rules": "minlength: 8; required: lower; required: upper; required: digit; required: [-!\"#$%&'()*+,./:;<=>?@[^_`{|}~]];"
    },
    "angieslist.com": {
        "password-rules": "minlength: 6; maxlength: 15;"
    },
    "artscyclery.com": {
        "password-rules": "minlength: 6; maxlength: 19;"
    },
    "autify.com": {
        "password-rules": "minlength: 8; required: lower; required: upper; required: digit; required: [!\"#$%&'()*+,./:;<=>?@[^_`{|}~]];"
    },
    "axa.de": {
        "password-rules": "minlength: 8; maxlength: 65; required: lower; required: upper; required: digit; allowed: [-!\"§$%&/()=?;:_+*'#];"
    },
    "baidu.com": {
        "password-rules": "minlength: 6; maxlength: 14;"
    },
    "bankofamerica.com": {
        "password-rules": "minlength: 8; maxlength: 20; required: upper; required: lower; required: digit; max-consecutive: 3; allowed: [-@#*()+={}/?~;,._];"
    },
    "bhphotovideo.com": {
        "password-rules": "maxlength: 15;"
    },
    "bitly.com": {
        "password-rules": "minlength: 6; required: lower; required: upper; required: digit; required: [`!@#$%^&*()+~{}'\";:<>?]];"
    },
    "bloomingdales.com": {
        "password-rules": "minlength: 7; maxlength: 16; required: lower, upper; required: digit; required: [`!@#$%^&*()+~{}'\";:<>?]];"
    },
    "box.com": {
        "password-rules": "minlength: 6; maxlength: 20; required: lower; required: upper; required: digit; required: digit;"
    },
    "brighthorizons.com": {
        "password-rules": "minlength: 8; maxlength: 16;"
    },
    "callofduty.com": {
        "password-rules": "minlength: 8; maxlength: 20; required: lower, upper; required: digit; max-consecutive: 2;"
    },
    "capitalone.com": {
        "password-rules": "minlength: 8; maxlength: 32; required: lower, upper; required: digit; allowed: [-_./\\@$*&!#];"
    },
    "cb2.com": {
        "password-rules": "minlength: 7; maxlength: 18; required: lower, upper; required: digit;"
    },
    "cecredentialtrust.com": {
        "password-rules": "minlength: 12; required: lower; required: upper; required: digit; required: [!#$%&*@^];"
    },
    "chase.com": {
        "password-rules": "minlength: 8; maxlength: 32; required: lower, upper; required: digit; required: [!#$%+/=@~]; max-consecutive: 2;"
    },
    "citi.com": {
        "password-rules": "minlength: 6; maxlength: 50; required: lower, upper; required: digit; max-consecutive: 2; allowed: [_!@$]"
    },
    "claimlookup.com": {
        "password-rules": "minlength: 8; maxlength: 16; required: lower; required: upper; required: digit; required: [@#$%^&+=!];"
    },
    "comcastpaymentcenter.com": {
        "password-rules": "minlength: 8; maxlength: 20; required: lower, upper; required: digit; max-consecutive: 2;"
    },
    "commerzbank.de": {
        "password-rules": "minlength: 5; maxlength: 8; required: lower, upper; required: digit;"
    },
    "consorsbank.de": {
        "password-rules": "minlength: 5; maxlength: 5; required: lower, upper, digit;"
    },
    "consorsfinanz.de": {
        "password-rules": "minlength: 6; maxlength: 15; allowed: lower, upper, digit, [-.];"
    },
    "coursera.com": {
        "password-rules": "minlength: 8; maxlength: 72;"
    },
    "crateandbarrel.com": {
        "password-rules": "minlength: 7; maxlength: 18; required: lower, upper; required: digit;"
    },
    "cvs.com": {
        "password-rules": "minlength: 8; maxlength: 25; required: lower, upper; required: digit; allowed: [abcdefghijklmnopqrstuvwxyzABCDEFGHIJKLMNOPQRSTUVWXYZ0123456789!@#$%^&*()];"
    },
    "dailymail.co.uk": {
        "password-rules": "minlength: 5; maxlength: 15;"
    },
    "danawa.com": {
        "password-rules": "minlength: 8; maxlength: 21; required: lower, upper; required: digit; required: [!@$%^&*];"
    },
    "darty.com": {
        "password-rules": "minlength: 8; required: lower; required: upper; required: digit;"
    },
    "delta.com": {
        "password-rules": "minlength: 8; maxlength: 20; required: lower; required: upper; required: digit;"
    },
    "deutsche-bank.de": {
        "password-rules": "minlength: 5; maxlength: 5; required: lower, upper, digit;"
    },
    "devstore.cn": {
        "password-rules": "minlength: 6; maxlength: 12;"
    },
    "dmm.com": {
        "password-rules": "minlength: 4; maxlength: 16; required: lower; required: upper; required: digit;"
    },
    "dowjones.com": {
        "password-rules": "maxlength: 15;"
    },
    "ecompanystore.com": {
        "password-rules": "minlength: 8; maxlength: 16; required: lower; required: upper; required: digit; required: [#$%*+.=@^_]; max-consecutive: 2;"
    },
    "eddservices.edd.ca.gov": {
        "password-rules": "minlength: 8; maxlength: 12; required: lower; required: upper; required: digit; required: [!@#$%^&*()];"
    },
    "empower-retirement.com": {
        "password-rules": "minlength: 8; maxlength: 16;"
    },
    "epicmix.com": {
        "password-rules": "minlength: 8; maxlength: 16;"
    },
    "ettoday.net": {
        "password-rules": "minlength: 6; maxlength: 12;"
    },
    "example.com": {
        "exact-domain-match-only": true,
        "password-rules": "allowed: lower,upper,special; minlength: 20;"
    },
    "examservice.com.tw": {
        "password-rules": "minlength: 6; maxlength: 8;"
    },
    "expertflyer.com": {
        "password-rules": "minlength: 5; maxlength: 16; required: lower, upper; required: digit;"
    },
    "fc2.com": {
        "password-rules": "minlength: 8; maxlength: 16;"
    },
    "fnac.com": {
        "password-rules": "minlength: 8; required: lower; required: upper; required: digit;"
    },
    "getflywheel.com": {
        "password-rules": "minlength: 7; maxlength: 72;"
    },
    "girlscouts.org": {
        "password-rules": "minlength: 8; maxlength: 16; required: lower; required: upper; required: digit; allowed: lower, upper, digit, [$#!];"
    },
    "github.com": {
        "password-rules": "minlength: 8; required: lower; required: digit; allowed: lower, upper, digit, [`!@#$%^&*()+~{}'\";:<>?];"
    },
    "hawaiianairlines.com": {
        "password-rules": "maxlength: 16;"
    },
    "hilton.com": {
        "password-rules": "minlength: 8; maxlength: 32; required: lower; required: upper; required: digit;"
    },
    "hotels.com": {
        "password-rules": "minlength: 6; maxlength: 20; required: digit; allowed: [abcdefghijklmnopqrstuvwxyzABCDEFGHIJKLMNOPQRSTUVWXYZ0123456789@$!#()&^*%];"
    },
    "hotwire.com": {
        "password-rules": "minlength: 6; maxlength: 30; allowed: upper, lower, digit, [-~!@#$%^&*_+=`|(){}[:;\"'<>,.?]];"
    },
    "hrblock.com": {
        "password-rules": "minlength: 8; required: lower; required: upper; required: digit; required: [$#%!];"
    },
    "hypovereinsbank.de": {
        "password-rules": "minlength: 6; maxlength: 10; required: lower, upper, digit; allowed: [!\"#$%&()*+:;<=>?@[{}~]];"
    },
    "id.sonyentertainmentnetwork.com": {
        "password-rules": "minlength: 8; maxlength: 30; required: lower, upper; required: digit; allowed: [-!@#^&*=+;:];"
    },
    "idestination.info": {
        "password-rules": "maxlength: 15;"
    },
    "internationalsos.com": {
        "password-rules": "required: lower; required: upper; required: digit; required: [@#$%^&+=_];"
    },
    "jal.co.jp": {
        "password-rules": "minlength: 8; maxlength: 16;"
    },
    "key.harvard.edu": {
        "password-rules": "minlength: 10; maxlength: 100; required: lower; required: upper; required: digit; allowed: [-@_#!&$`%*+()./,;~:{}|?>=<^[']];"
    },
    "klm.com": {
        "password-rules": "minlength: 8; maxlength: 12;"
    },
    "ladwp.com": {
        "password-rules": "minlength: 8; maxlength: 20; required: digit; allowed: upper, lower;"
    },
    "leetchi.com": {
        "password-rules": "minlength: 8; required: lower; required: upper; required: digit; required: [!#$%&()*+,./:;<>?@\"_];"
    },
    "lowes.com": {
        "password-rules": "minlength: 8; maxlength: 12; required: lower, upper; required: digit;"
    },
    "lufthansa.com": {
        "password-rules": "minlength: 8; maxlength: 32; required: lower; required: upper; required: digit; required: [!#$%&()*+,./:;<>?@\"_];"
    },
    "macys.com": {
        "password-rules": "minlength: 7; maxlength: 16; allowed: [abcdefghijklmnopqrstuvwxyzABCDEFGHIJKLMNOPQRSTUVWXYZ0123456789~!@#$%^&*+`(){}[:;\"'<>?]];"
    },
    "marriott.com": {
        "password-rules": "minlength: 8; maxlength: 20; required: lower; required: upper; required: digit; allowed: [abcdefghijklmnopqrstuvwxyzABCDEFGHIJKLMNOPQRSTUVWXYZ0123456789$!#&@?%=];"
    },
    "metlife.com": {
        "password-rules": "minlength: 6; maxlength: 20;"
    },
    "myaccess.dmdc.osd.mil": {
        "password-rules": "minlength: 9; maxlength: 20; required: lower; required: upper; required: digit; allowed: [-@_#!&$`%*+()./,;~:{}|?>=<^'[]];"
    },
    "myhealthrecord.com": {
        "password-rules": "minlength: 8; maxlength: 20; allowed: [abcdefghijklmnopqrstuvwxyzABCDEFGHIJKLMNOPQRSTUVWXYZ0123456789_.!$*=];"
    },
    "naver.com": {
        "password-rules": "minlength: 6; maxlength: 16;"
    },
    "netgear.com": {
        "password-rules": "minlength: 6; maxlength: 128; allowed: [abcdefghijklmnopqrstuvwxyzABCDEFGHIJKLMNOPQRSTUVWXYZ0123456789!@#$%^&*()];"
    },
    "packageconciergeadmin.com": {
        "password-rules": "minlength: 4; maxlength: 4; allowed: digit;"
    },
    "paypal.com": {
        "password-rules": "minlength: 8; maxlength: 20; required: digit, [!@#$%^&*()]; required: lower, upper; max-consecutive: 3;"
    },
    "pilotflyingj.com": {
        "password-rules": "minlength: 7; required: digit; allowed: lower, upper;"
    },
    "pixnet.cc": {
        "password-rules": "minlength: 4; maxlength: 16; allowed: lower, upper;"
    },
    "propelfuels.com": {
        "password-rules": "minlength: 6; maxlength: 16;"
    },
    "riteaid.com": {
        "password-rules": "minlength: 8; maxlength: 15; required: lower; required: upper; required: digit;"
    },
    "ruten.com.tw": {
        "password-rules": "minlength: 6; maxlength: 15; required: lower, upper;"
    },
    "santander.de": {
        "password-rules": "minlength: 8; maxlength: 12; required: lower, upper; required: digit; allowed: [-!#$%&'()*,.:;=?^{}];"
    },
    "secure-arborfcu.org": {
        "password-rules": "minlength: 8; maxlength: 15; required: lower; required: upper; required: digit; required: [!#$%&'()+,.:?@[_`~]];"
    },
    "sephora.com": {
        "password-rules": "minlength: 6; maxlength: 12;"
    },
    "sfwater.org": {
        "password-rules": "minlength: 10; maxlength: 30; required: digit; allowed: [abcdefghijklmnopqrstuvwxyzABCDEFGHIJKLMNOPQRSTUVWXYZ0123456789!@#$%*()_+^}{:;?.];"
    },
    "signin.ea.com": {
        "password-rules": "minlength: 8; maxlength: 64; required: lower, upper; required: digit; allowed: [-!@#^&*=+;:];"
    },
    "southwest.com": {
        "password-rules": "minlength: 8; maxlength: 16; required: upper; required: digit; allowed: [abcdefghijklmnopqrstuvwxyzABCDEFGHIJKLMNOPQRSTUVWXYZ0123456789!@#$%^*(),.;:/\\];"
    },
    "spirit.com": {
        "password-rules": "minlength: 8; maxlength: 16; required: lower; required: upper; required: digit; required: [!@#$%^&*()];"
    },
    "ssa.gov": {
        "password-rules": "required: lower; required: upper; required: digit; required: [~!@#$%^&*];"
    },
    "store.steampowered.com": {
        "password-rules": "minlength: 6; required: lower; required: upper; required: digit; allowed: [~!@#$%^&*];"
    },
    "sunlife.com": {
        "password-rules": "minlength: 8; maxlength: 10; required: digit; required: upper, lower;"
    },
    "t-mobile.net": {
        "password-rules": "minlength: 8; maxlength: 16;"
    },
    "telekom-dienste.de": {
        "password-rules": "minlength: 8; maxlength: 16; required: lower; required: upper; required: digit; required: [#$%&()*+,./<=>?@_{|}~];"
    },
    "ubisoft.com": {
        "password-rules": "minlength: 8; maxlength: 16; required: lower; required: upper; required: digit; required: [-]; required: [!@#$%^&*()+];"
    },
    "udel.edu": {
        "password-rules": "minlength: 12; maxlength: 30; required: lower; required: upper; required: digit; required: [!@#$%^&*()+];"
    },
    "vanguard.com": {
        "password-rules": "minlength: 6; maxlength: 20; required: lower; required: upper; required: digit; required: digit;"
    },
    "vetsfirstchoice.com": {
        "password-rules": "minlength: 8; required: lower; required: upper; required: digit; allowed: [?!@$%^+=&];"
    },
    "visa.com": {
        "password-rules": "minlength: 6; maxlength: 32;"
    },
    "walmart.com": {
        "password-rules": "minlength: 6; maxlength: 12;"
    },
    "weibo.com": {
        "password-rules": "minlength: 6; maxlength: 16;"
    },
    "wsj.com": {
        "password-rules": "maxlength: 15;"
    },
    "xfinity.com": {
        "password-rules": "minlength: 8; maxlength: 16; required: lower, upper; required: digit;"
    },
    "zdf.de": {
        "password-rules": "minlength: 8; required: upper; required: digit; allowed: lower, special;"
    },
    "zoom.us": {
        "password-rules": "minlength: 8; maxlength: 32; required: lower; required: upper; required: digit; max-consecutive: 6;"
    }
}